q,tau,r,gamma,delta,Delta,beta,s,S,xi
1.0,1.0,1.0,8.545662294521211,1.0,35.0,5.480043031489308,19.0,31.0,0.518
0.9859154929577465,0.35,0.6,5.571171205132744,3.0,28.0,4.665322769645347,18.0,27.0,0.262
1.0,0.35,0.5,7.998991083883455,6.0,45.0,6.589057361659812,3.0,30.0,0.448
