q,tau,r,gamma,delta,Delta,beta,s,S,xi
0.8921161825726142,1.0,1.0,3.6418844717924217,1.0,23.0,2.381472118046671,12.0,42.0,0.131
0.9585062240663901,0.91,1.0,4.395280220807921,1.0,21.0,1.7617199044218634,8.0,48.0,0.108
0.946058091286307,0.88,1.0,9.448467923226762,1.0,11.0,4.488573975049298,6.0,40.0,0.102
